flight,source,dest,start_date,days,depart,arrival
DP836,Алания,Москва,31.03.2021,ежедневно по 28.08,12:20,15:45
DP304,Анапа,Екатеринбург,05.06.2021,"ежедневно, кроме вт, чт с 05.06 по 19.09",0:30,5:40
DP383,Анапа,Казань,04.06.2021,"ежедневно, кроме ср, сб с 04.06 по 17.09",17:50,20:10
DP397,Анапа,Красноярск,14.06.2021,пн с 14.06 по 30.08,21:55,7:15
DP397,Анапа,Красноярск,11.06.2021,"ср, пт, вс с 11.06 по 10.09, а ещё 06.09",22:00,7:15
DP148,Анапа,Москва,05.06.2021,"ежедневно, кроме ср, вс с 05.06 по 18.09",8:30,10:40
DP148,Анапа,Москва,09.06.2021,ср с 09.06 по 15.09,8:45,10:55
DP148,Анапа,Москва,06.06.2021,вс с 06.06 по 19.09,9:00,11:10
DP146,Анапа,Москва,13.06.2021,"пт, вс с 13.06 по 12.09",9:30,11:40
DP146,Анапа,Москва,16.06.2021,ср с 16.06 по 08.09,9:35,11:40
DP146,Анапа,Москва,12.06.2021,"пн, вт, чт, сб с 12.06 по 11.09",10:10,12:20
DP150,Анапа,Москва,08.06.2021,"вт, чт с 08.06 по 16.09",15:35,17:45
DP150,Анапа,Москва,05.06.2021,"ежедневно, кроме вт, чт с 05.06 по 19.09",15:50,18:00
DP399,Анапа,Новосибирск,12.06.2021,"вт, чт, сб с 12.06 по 11.09",22:35,7:15
DP389,Анапа,Пермь,05.06.2021,"ежедневно, кроме ср, вс с 05.06 по 18.09",0:40,5:40
DP308,Анапа,Санкт-Петербург,05.06.2021,ежедневно с 05.06 по 19.09,8:00,11:00
DP391,Анапа,Уфа,05.06.2021,"ср, сб с 05.06 по 18.09",17:15,21:50
DP393,Анапа,Челябинск,09.06.2021,ср с 09.06 по 15.09,1:00,6:15
DP958,Анталия,Казань,01.10.2020,"чт, вс по 22.10",15:40,19:10
DP980,Анталия,Москва,30.09.2020,ежедневно с 28.09 по 18.10,12:20,15:45
DP840,Анталия,Москва,30.09.2020,ежедневно по 24.10,12:50,16:25
DP840,Анталия,Москва,25.10.2020,ежедневно с 25.10 по 24.03,14:40,18:20
DP860,Анталия,Москва,02.10.2020,"пн, вт, пт, сб по 24.10",15:00,18:35
DP860,Анталия,Москва,30.09.2020,"ср, чт, вс по 22.10",15:10,18:45
DP164,Астрахань,Москва,06.10.2020,"ежедневно, кроме ср по 24.10",10:40,11:55
DP164,Астрахань,Москва,25.10.2020,ежедневно с 25.10 по 24.03,11:30,12:50
DP164,Астрахань,Москва,07.10.2020,"только 7, 14, 21 октября",17:05,18:15
DP166,Астрахань,Москва,06.10.2020,ежедневно по 11.10,21:15,22:30
DP520,Астрахань,Санкт-Петербург,07.10.2020,"только 7, 14, 21 октября",10:40,12:45
DP520,Астрахань,Санкт-Петербург,27.10.2020,"вт, сб с 27.10 по 23.03",12:30,14:40
DP520,Астрахань,Санкт-Петербург,06.10.2020,"вт, пт, вс по 23.10",14:35,16:40
DP520,Астрахань,Санкт-Петербург,29.10.2020,чт с 29.10 по 25.03,14:45,16:50
DP520,Астрахань,Санкт-Петербург,26.10.2020,пн с 26.10 по 22.03,18:30,20:40
DP816,Баден-Баден,Москва,26.10.2020,"пн, вт, чт, сб с 26.10 по 25.03",13:40,18:50
DP600,Белгород,Санкт-Петербург,30.03.2021,"вт, чт, сб с 30.03 по 26.08",17:00,19:00
DP600,Белгород,Санкт-Петербург,14.03.2021,"14, 16, 18, 21, 23, 25 марта",17:50,19:45
DP846,Берлин,Москва,25.10.2020,ежедневно с 25.10 по 07.11,14:45,19:20
DP32,Вена,Братислава,19.10.2020,"только 18, 19, 20, 21, 22, 23, 24 октября",15:00,16:45
DP858,Венеция,Москва,25.10.2020,"ср, пт, вс с 25.10 по 24.03",10:55,16:10
DP196,Владикавказ,Москва,28.03.2021,ежедневно с 28.03 по 25.08,12:30,14:55
DP196,Владикавказ,Москва,14.03.2021,ежедневно по 27.03,16:10,18:40
DP4196,Владикавказ,Москва,01.07.2021,ежедневно с 01.07 по 30.10,19:00,21:35
DP508,Владикавказ,Санкт-Петербург,14.03.2021,"ежедневно, кроме вт, сб по 26.03",12:40,15:55
DP508,Владикавказ,Санкт-Петербург,28.03.2021,ежедневно с 28.03 по 25.08,18:30,21:40
DP184,Волгоград,Москва,13.03.2021,ежедневно по 27.03,10:25,12:15
DP184,Волгоград,Москва,28.03.2021,ежедневно с 28.03 по 25.08,15:45,17:35
DP182,Волгоград,Москва,13.03.2021,ежедневно по 27.03,21:05,22:55
DP182,Волгоград,Москва,28.03.2021,ежедневно с 28.03 по 25.08,21:30,23:15
DP518,Волгоград,Санкт-Петербург,28.03.2021,ежедневно с 28.03 по 25.08,14:35,17:05
DP518,Волгоград,Санкт-Петербург,13.03.2021,ежедневно по 27.03,20:30,23:05
DP274,Воронеж,Москва,10.10.2020,"только 3, 4, 6, 10, 17, 18, 24 октября",18:05,19:15
DP274,Воронеж,Москва,08.10.2020,"пн, ср, чт, пт по 23.10, а ещё 11.10, 13.10, 20.10",21:35,22:45
DP274,Воронеж,Москва,25.10.2020,ежедневно с 25.10 по 24.03,21:50,23:00
DP576,Воронеж,Санкт-Петербург,01.11.2020,"вт, вс с 01.11 по 23.03",12:50,14:40
DP576,Воронеж,Санкт-Петербург,25.10.2020,"сб с 25.10 по 20.03, а ещё 25.10, 27.10",14:05,16:00
DP576,Воронеж,Санкт-Петербург,30.10.2020,пт с 30.10 по 26.03,14:25,16:20
DP576,Воронеж,Санкт-Петербург,28.10.2020,ср с 28.10 по 24.03,14:40,16:35
DP576,Воронеж,Санкт-Петербург,09.10.2020,"только 2, 5, 9, 12, 16, 19, 23 октября",19:40,21:40
DP576,Воронеж,Санкт-Петербург,08.10.2020,"вт, чт, сб по 24.10",20:20,22:20
DP176,Геленджик,Москва,01.06.2021,ежедневно с 01.06 по 19.09,10:40,12:50
DP4474,Горно-Алтайск,Москва,02.06.2021,"ср, пт, вс с 02.06 по 29.10",8:30,9:25
DP474,Горно-Алтайск,Москва,31.05.2021,"пн, вт, чт, сб с 31.05 по 13.09",8:45,9:20
DP474,Горно-Алтайск,Москва,29.03.2021,"пн, вт, чт, сб с 29.03 по 29.05",9:00,9:40
DP474,Горно-Алтайск,Москва,06.03.2021,"пн, ср, сб по 27.03",9:40,10:35
DP856,Гюмри,Москва,01.12.2020,ежедневно с 01.12 по 27.03,20:40,22:30
DP964,Даламан,Москва,25.09.2020,"только 13, 16, 18, 20, 23, 25, 27 сентября",14:10,17:50
DP563,Екатеринбург,Краснодар,17.10.2020,ежедневно по 24.10,5:05,6:20
DP1563,Екатеринбург,Краснодар,25.10.2020,только 25 октября,5:05,6:10
DP563,Екатеринбург,Краснодар,26.10.2020,"ежедневно с 26.10 по 25.03, кроме 01.01",5:05,6:10
DP404,Екатеринбург,Москва,25.10.2020,ежедневно с 25.10 по 24.03,6:00,6:40
DP406,Екатеринбург,Москва,17.10.2020,ежедневно по 24.10,6:55,7:30
DP406,Екатеринбург,Москва,25.10.2020,ежедневно с 25.10 по 24.03,7:10,7:50
DP404,Екатеринбург,Москва,17.10.2020,ежедневно по 24.10,7:55,8:30
DP408,Екатеринбург,Москва,25.10.2020,ежедневно с 25.10 по 24.03,18:05,18:45
DP408,Екатеринбург,Москва,17.10.2020,ежедневно по 24.10,18:50,19:25
DP410,Екатеринбург,Москва,25.10.2020,"ежедневно с 25.10 по 24.03, кроме 01.11",22:55,23:35
DP410,Екатеринбург,Москва,17.10.2020,ежедневно по 23.10,23:20,23:50
DP516,Екатеринбург,Санкт-Петербург,25.10.2020,"ежедневно с 25.10 по 24.03, кроме 01.01",5:30,6:30
DP516,Екатеринбург,Санкт-Петербург,17.10.2020,ежедневно по 24.10,5:40,6:35
DP582,Екатеринбург,Санкт-Петербург,17.10.2020,ежедневно по 24.10,18:10,19:00
DP582,Екатеринбург,Санкт-Петербург,25.10.2020,ежедневно с 25.10 по 24.03,19:20,20:20
DP290,Ижевск,Москва,19.09.2020,ежедневно по 24.10,22:15,23:15
DP290,Ижевск,Москва,25.10.2020,ежедневно с 25.10 по 24.03,22:40,23:45
DP454,Иркутск,Москва,30.09.2020,ежедневно по 24.10,8:10,9:25
DP454,Иркутск,Москва,25.10.2020,ежедневно с 25.10 по 24.03,8:10,9:35
DP384,Казань,Анапа,19.09.2020,"только 17, 19 сентября",20:10,22:30
DP568,Казань,Краснодар,20.09.2020,"ср, вс по 21.10",17:35,19:55
DP568,Казань,Краснодар,21.09.2020,"только 21, 28, 29 сентября, 1, 3, 6, 8, 10, 13, 15, 17, 20, 22, 24 октября",17:45,20:00
DP568,Казань,Краснодар,22.09.2020,"только 3, 8, 10, 15, 17, 22, 24 сентября",17:55,20:00
DP568,Казань,Краснодар,26.09.2020,"только 29 августа, 5, 12, 19, 26 сентября",18:20,20:50
DP286,Казань,Москва,22.09.2020,"вт, ср, пт по 30.09",9:55,11:25
DP288,Казань,Москва,09.10.2020,"только 9, 16, 23 октября",9:55,11:30
DP286,Казань,Москва,27.09.2020,только 27 сентября,10:45,12:10
DP286,Казань,Москва,02.10.2020,"ежедневно, кроме чт, вс с 02.10 по 24.10",10:45,12:20
DP286,Казань,Москва,25.10.2020,ежедневно с 25.10 по 24.03,11:20,13:05
DP286,Казань,Москва,24.09.2020,только 24 сентября,11:35,13:00
DP286,Казань,Москва,01.10.2020,"чт, вс с 01.10 по 22.10",12:25,14:00
DP286,Казань,Москва,21.09.2020,"только 14, 21, 28 сентября",13:50,15:15
DP288,Казань,Москва,02.10.2020,только 2 октября,15:10,16:45
DP286,Казань,Москва,26.09.2020,"только 19, 26 сентября",15:25,16:50
DP288,Казань,Москва,01.10.2020,"чт, вс с 01.10 по 22.10",18:05,19:40
DP284,Казань,Москва,22.09.2020,"ежедневно с 22.09 по 19.02, кроме 23.09, 25.09, 26.09",18:15,20:00
DP284,Казань,Москва,21.09.2020,"пн, ср, пт, сб по 26.09, а ещё 13.09",18:45,20:20
DP284,Казань,Москва,20.09.2020,"только 17, 20 сентября",21:10,22:45
DP288,Казань,Москва,03.10.2020,"пн, вт, ср, сб с 03.10 по 24.10",22:20,23:55
DP548,Казань,Санкт-Петербург,20.09.2020,ежедневно по 24.10,20:55,23:10
DP548,Казань,Санкт-Петербург,25.10.2020,ежедневно с 25.10 по 24.03,21:00,23:20
DP262,Калининград,Москва,25.10.2020,ежедневно с 25.10 по 24.03,9:20,12:10
DP262,Калининград,Москва,03.10.2020,"ежедневно с 29.09 по 24.10, кроме 30.09",9:25,12:20
DP262,Калининград,Москва,30.09.2020,"только 20, 21, 23, 25, 27, 28, 30 сентября",13:40,16:35
DP264,Калининград,Москва,03.10.2020,ежедневно по 24.10,15:05,18:00
DP268,Калининград,Москва,30.09.2020,"только 21, 23, 28, 30 сентября",17:25,20:20
DP266,Калининград,Москва,03.10.2020,ежедневно по 24.10,19:35,22:30
DP264,Калининград,Москва,25.10.2020,ежедневно с 25.10 по 24.03,20:40,23:30
DP536,Калининград,Санкт-Петербург,30.09.2020,"только 20, 21, 23, 25, 27, 28, 30 сентября",9:25,12:00
DP536,Калининград,Санкт-Петербург,25.10.2020,ежедневно с 25.10 по 24.03,10:35,13:05
DP536,Калининград,Санкт-Петербург,03.10.2020,ежедневно с 01.10 по 24.10,10:40,13:15
DP530,Калининград,Санкт-Петербург,25.10.2020,ежедневно с 25.10 по 24.03,16:40,19:10
DP530,Калининград,Санкт-Петербург,03.10.2020,ежедневно по 24.10,20:40,23:15
DP848,КарловыВары,Москва,25.10.2020,"ежедневно, кроме вт, сб с 25.10 по 24.03",14:25,19:05
DP820,Кёльн/Бонн,Москва,25.10.2020,ежедневно с 25.10 по 24.03,11:20,16:25
DP446,Кемерово,Москва,03.04.2021,ежедневно по 31.08,7:55,8:20
DP276,Киров,Москва,25.10.2020,ежедневно с 25.10 по 24.03,21:45,23:35
DP276,Киров,Москва,01.09.2020,"1, 2, 3, 5, 6, 7, 8, 9, 10, 12, 13, 14, 15, 16, 17, 19, 20, 21, 22, 23 сентября, …",22:20,23:55
DP276,Киров,Москва,04.09.2020,"только 21, 28 августа, 4, 11, 18, 25 сентября",22:30,23:55
DP514,Киров,Санкт-Петербург,14.09.2020,"пн, ср, пт, вс с 14.09 по 23.10",10:25,12:25
DP514,Киров,Санкт-Петербург,25.10.2020,"пн, ср, пт, вс с 25.10 по 24.03",20:10,22:15
DP514,Киров,Санкт-Петербург,02.09.2020,"пн, ср, пт, вс по 13.09",20:15,22:15
DP514,Киров,Санкт-Петербург,24.09.2020,только 24 сентября,20:50,22:45
DP564,Краснодар,Екатеринбург,07.10.2020,ежедневно по 25.10,1:15,6:20
DP564,Краснодар,Екатеринбург,26.10.2020,"ежедневно с 26.10 по 25.03, кроме 01.01",1:35,6:35
DP567,Краснодар,Казань,07.10.2020,"только 4, 7, 11, 14, 18, 21 октября",14:55,17:10
DP567,Краснодар,Казань,08.10.2020,"вт, чт, сб по 24.10",15:00,17:15
DP567,Краснодар,Казань,27.10.2020,"вт, чт, сб с 27.10 по 25.03",15:25,17:45
DP160,Краснодар,Москва,07.10.2020,ежедневно по 24.10,6:50,8:55
DP160,Краснодар,Москва,25.10.2020,"ежедневно с 25.10 по 24.03, кроме 01.01",6:50,9:00
DP162,Краснодар,Москва,07.10.2020,ежедневно по 24.10,11:15,13:20
DP156,Краснодар,Москва,27.10.2020,"вт, чт с 27.10 по 25.03",11:40,13:50
DP158,Краснодар,Москва,09.10.2020,"только 2, 5, 9, 12, 16, 19, 23 октября",15:25,17:40
DP158,Краснодар,Москва,25.10.2020,ежедневно с 25.10 по 24.03,15:30,17:40
DP156,Краснодар,Москва,06.10.2020,только 6 октября,16:20,18:25
DP156,Краснодар,Москва,08.10.2020,"только 8, 15, 22 октября",17:05,19:15
DP156,Краснодар,Москва,13.10.2020,"только 13, 20 октября",17:25,19:25
DP156,Краснодар,Москва,11.10.2020,"только 4, 11, 18 октября",17:30,19:40
DP156,Краснодар,Москва,25.10.2020,"ежедневно, кроме вт, чт с 25.10 по 24.03",17:35,19:45
DP156,Краснодар,Москва,07.10.2020,"только 1, 7, 14, 21 октября",17:40,19:50
DP156,Краснодар,Москва,09.10.2020,"только 2, 5, 9, 12, 16, 19, 23 октября",17:50,20:05
DP156,Краснодар,Москва,10.10.2020,"только 3, 10, 17, 24 октября",18:15,20:25
DP158,Краснодар,Москва,07.10.2020,"только 30 сентября, 4, 7, 11, 14, 18, 21 октября",20:25,22:35
DP158,Краснодар,Москва,08.10.2020,"вт, чт, сб по 24.10",20:40,22:50
DP510,Краснодар,Санкт-Петербург,07.10.2020,ежедневно по 24.10,14:45,17:40
DP510,Краснодар,Санкт-Петербург,25.10.2020,ежедневно с 25.10 по 24.03,14:45,17:45
DP971,Краснодар,Стамбул,25.10.2020,"ежедневно, кроме вт, чт с 25.10 по 24.03",12:10,14:05
DP488,Красноярск,Москва,25.10.2020,только 25 октября,6:20,7:40
DP418,Красноярск,Москва,19.10.2020,ежедневно по 24.10,7:15,8:20
DP418,Красноярск,Москва,25.10.2020,только 25 октября,7:15,8:30
DP418,Красноярск,Москва,26.10.2020,ежедневно с 26.10 по 25.03,7:55,9:15
DP496,Курган,Москва,10.10.2020,"пн, вт, чт, сб по 04.03",6:00,7:00
DP826,Ларнака,Москва,25.10.2020,"пн, ср, пт, вс с 25.10 по 24.03",13:25,18:15
DP818,Лейпциг,Москва,01.12.2020,"вт, сб с 01.12 по 27.03",14:30,19:10
DP1200,Махачкала,Москва,12.03.2021,"16, 19, 26 марта",2:55,5:35
DP1192,Махачкала,Москва,15.03.2021,"15, 18, 22, 25 марта",2:55,5:35
DP188,Махачкала,Москва,15.03.2021,"15, 16, 18, 19, 20, 22, 23, 25, 26, 27, 29, 30, 31 марта, 1, 2, 3, 4, 5, 6, 7 апреля, …",8:00,10:45
DP4188,Махачкала,Москва,12.05.2021,ежедневно с 12.05 по 09.10,8:00,10:45
DP190,Махачкала,Москва,15.03.2021,"ежедневно по 27.03, кроме 26.03",11:15,14:00
DP190,Махачкала,Москва,28.03.2021,"ежедневно с 28.03 по 25.08, кроме 29.03, 31.03",14:50,17:25
DP192,Махачкала,Москва,15.03.2021,"ежедневно, кроме ср, вс по 27.03",16:00,18:45
DP192,Махачкала,Москва,29.03.2021,ежедневно с 29.03 по 26.08,18:30,21:10
DP192,Махачкала,Москва,28.03.2021,28 марта,19:05,21:45
DP200,Махачкала,Москва,14.03.2021,"ежедневно, кроме чт с 16.03 по 27.03",19:10,21:55
DP505,Махачкала,Санкт-Петербург,28.03.2021,ежедневно с 28.03 по 25.08,10:35,14:00
DP505,Махачкала,Санкт-Петербург,15.03.2021,ежедневно по 27.03,18:15,21:45
DP501,Махачкала,Сургут,29.05.2021,ежедневно с 29.05 по 30.09,21:35,3:30
DP501,Махачкала,Сургут,15.03.2021,"ежедневно, кроме вт, сб по 26.03",22:05,4:05
DP501,Махачкала,Сургут,28.03.2021,ежедневно с 28.03 по 28.05,22:10,4:05
DP806,Милан,Москва,26.03.2021,26 марта,12:45,18:05
DP804,Милан,Москва,02.04.2021,пт с 02.04 по 27.08,17:50,22:20
DP168,МинеральныеВоды,Москва,25.09.2020,только 25 сентября,9:45,12:05
DP168,МинеральныеВоды,Москва,26.09.2020,"ежедневно, кроме пт по 30.09",10:15,12:35
DP168,МинеральныеВоды,Москва,25.10.2020,ежедневно с 25.10 по 24.03,10:40,13:05
DP168,МинеральныеВоды,Москва,01.10.2020,ежедневно с 01.10 по 24.10,12:40,15:00
DP180,МинеральныеВоды,Москва,25.09.2020,"только 18, 25 сентября",14:45,17:05
DP180,МинеральныеВоды,Москва,26.09.2020,"пн, вт, сб, вс по 29.09",15:35,17:55
DP180,МинеральныеВоды,Москва,01.10.2020,ежедневно с 01.10 по 24.10,15:45,18:05
DP180,МинеральныеВоды,Москва,25.10.2020,ежедневно с 25.10 по 24.03,16:00,18:25
DP180,МинеральныеВоды,Москва,24.09.2020,"только 10, 17, 24 сентября",16:10,18:20
DP180,МинеральныеВоды,Москва,30.09.2020,"только 9, 16, 23, 30 сентября",16:55,19:05
DP170,МинеральныеВоды,Москва,26.09.2020,ежедневно по 24.10,20:50,23:10
DP170,МинеральныеВоды,Москва,25.10.2020,ежедневно с 25.10 по 24.03,21:40,23:55
DP540,МинеральныеВоды,Санкт-Петербург,25.10.2020,ежедневно с 25.10 по 24.03,12:00,15:05
DP540,МинеральныеВоды,Санкт-Петербург,28.09.2020,"только 14, 18, 21, 25, 28 сентября",12:35,15:35
DP540,МинеральныеВоды,Санкт-Петербург,27.09.2020,"только 16, 20, 23, 27, 30 сентября",13:10,16:15
DP540,МинеральныеВоды,Санкт-Петербург,26.09.2020,"26, 29 сентября, 1, 2, 3, 4, 5, 6, 7, 8, 9, 10, 11, 12, 13, 14, 15, 16, 17, 18 октября, …",14:05,17:10
DP574,МинеральныеВоды,Санкт-Петербург,24.09.2020,только 24 сентября,17:00,19:55
DP574,МинеральныеВоды,Санкт-Петербург,26.09.2020,только 26 сентября,19:30,22:35
DP574,МинеральныеВоды,Санкт-Петербург,28.09.2020,"только 16, 18, 21, 23, 25, 28, 30 сентября",19:40,22:45
DP574,МинеральныеВоды,Санкт-Петербург,02.10.2020,"пн, пт с 02.10 по 23.10",19:45,22:50
DP574,МинеральныеВоды,Санкт-Петербург,07.10.2020,"только 7, 14, 21 октября",20:15,23:15
DP151,Москва,Анапа,04.09.2020,"только 21, 28 августа, 4, 11 сентября",9:40,11:50
DP151,Москва,Анапа,02.09.2020,"только 2, 9 сентября",12:25,14:30
DP151,Москва,Анапа,06.09.2020,"только 16, 23, 30 августа, 6, 13 сентября",12:30,14:40
DP149,Москва,Анапа,14.09.2020,только 14 сентября,13:15,15:25
DP149,Москва,Анапа,15.09.2020,только 15 сентября,13:55,16:05
DP149,Москва,Анапа,17.09.2020,"только 17, 19 сентября",14:35,16:45
DP149,Москва,Анапа,04.09.2020,"только 24, 28, 31 августа, 4, 7, 11, 18 сентября",14:40,16:50
DP149,Москва,Анапа,01.09.2020,"ежедневно, кроме пн, пт по 13.09",15:15,17:25
DP149,Москва,Анапа,16.09.2020,только 16 сентября,15:20,17:30
DP145,Москва,Анапа,03.09.2020,"только 20, 27 августа, 3 сентября",19:10,21:20
DP147,Москва,Анапа,02.09.2020,"только 28, 31 августа, 2, 4, 7, 9, 11 сентября",19:35,21:45
DP145,Москва,Анапа,02.09.2020,"только 23, 26, 28, 30 августа, 2, 4, 6 сентября",20:05,22:15
DP145,Москва,Анапа,31.08.2020,"только 17, 24, 31 августа",20:25,22:30
DP147,Москва,Анапа,01.09.2020,"только 29 августа, 1, 3, 5, 8, 10, 12 сентября",20:40,22:50
DP147,Москва,Анапа,06.09.2020,"только 16, 23, 30 августа, 6, 13 сентября",21:40,23:50
DP163,Москва,Астрахань,02.09.2020,"только 2, 9 сентября",7:00,10:05
DP163,Москва,Астрахань,01.09.2020,"ежедневно по 24.10, кроме 02.09, 09.09",7:05,10:15
DP163,Москва,Астрахань,25.10.2020,ежедневно с 25.10 по 24.03,7:45,11:00
DP165,Москва,Астрахань,01.09.2020,ежедневно по 11.10,17:35,20:45
DP845,Москва,Берлин,25.10.2020,ежедневно с 25.10 по 07.11,13:20,14:05
DP935,Москва,Берлин,20.02.2021,"только 20, 21, 22 февраля",13:20,14:05
DP845,Москва,Берлин,01.10.2020,ежедневно с 01.10 по 24.10,17:40,19:20
DP801,Москва,Братислава,25.10.2020,ежедневно с 25.10 по 24.03,16:05,16:45
DP801,Москва,Братислава,01.10.2020,ежедневно с 01.10 по 24.10,17:10,18:50
DP195,Москва,Владикавказ,01.09.2020,ежедневно по 24.10,9:20,11:45
DP195,Москва,Владикавказ,25.10.2020,ежедневно с 25.10 по 24.03,13:20,15:40
DP183,Москва,Волгоград,02.09.2020,"только 2, 9 сентября",7:00,9:45
DP183,Москва,Волгоград,01.09.2020,"ежедневно по 24.10, кроме 02.09, 09.09",12:20,15:05
DP181,Москва,Волгоград,01.09.2020,ежедневно по 24.10,16:45,19:25
DP181,Москва,Волгоград,25.10.2020,ежедневно с 25.10 по 24.03,18:50,21:35
DP273,Москва,Воронеж,04.09.2020,"4, 11, 27 сентября, 1, 2, 3, 4, 5, 6, 7, 8, 9, 10, 11, 12, 13, 14, 15, 16, 17 октября, …",16:20,17:30
DP273,Москва,Воронеж,06.09.2020,"только 6, 13 сентября",16:45,17:55
DP273,Москва,Воронеж,02.09.2020,"только 2, 9 сентября",17:15,18:25
DP273,Москва,Воронеж,31.08.2020,"только 17, 19, 24, 26, 31 августа",17:35,18:45
DP273,Москва,Воронеж,30.08.2020,только 30 августа,19:10,20:20
DP273,Москва,Воронеж,01.09.2020,"только 25 августа, 1, 3, 5, 8, 10, 12 сентября",19:15,20:25
DP273,Москва,Воронеж,25.10.2020,ежедневно с 25.10 по 24.03,19:45,20:55
DP273,Москва,Воронеж,14.09.2020,"ежедневно с 14.09 по 30.09, кроме 27.09",19:50,21:00
DP273,Москва,Воронеж,07.09.2020,только 7 сентября,20:10,21:20
DP175,Москва,Геленджик,01.09.2020,ежедневно по 13.09,8:00,10:10
DP177,Москва,Геленджик,31.08.2020,"только 25, 26, 27, 28, 29, 30, 31 августа",12:35,14:50
DP473,Москва,Горно-Алтайск,02.09.2020,"пн, ср, пт, вс по 14.09",23:55,8:20
DP855,Москва,Гюмри,25.10.2020,ежедневно с 25.10 по 24.03,16:30,20:10
DP855,Москва,Гюмри,18.09.2020,ежедневно с 18.09 по 24.10,16:50,20:35
DP963,Москва,Даламан,02.09.2020,"ср, пт, вс по 27.09",9:40,13:30
DP887,Москва,Дубай,25.10.2020,"пн, пт, вс с 25.10 по 22.03",7:45,14:05
DP887,Москва,Дубай,28.10.2020,ср с 28.10 по 24.03,8:35,14:55
DP951,Москва,Дубай,02.10.2020,"ср, пт, вс с 02.10 по 23.10",10:45,17:00
DP887,Москва,Дубай,02.10.2020,"ср, пт, вс с 02.10 по 23.10",10:45,17:10
DP887,Москва,Дубай,01.10.2020,"только 1, 8, 15, 22 октября",10:55,17:10
DP887,Москва,Дубай,06.10.2020,"только 6, 13, 20 октября",11:20,17:30
DP887,Москва,Дубай,03.10.2020,"только 3, 10, 17, 24 октября",11:40,17:50
DP951,Москва,Дубай,05.10.2020,"только 5, 12, 19 октября",11:55,18:10
DP887,Москва,Дубай,05.10.2020,"только 5, 12, 19 октября",12:05,18:20
DP1403,Москва,Екатеринбург,04.09.2020,пт по 23.10,0:30,4:55
DP403,Москва,Екатеринбург,01.09.2020,"ежедневно, кроме чт, пт по 24.10",1:00,5:25
DP403,Москва,Екатеринбург,03.09.2020,чт по 22.10,1:25,5:50
DP407,Москва,Екатеринбург,19.09.2020,только 19 сентября,8:00,12:25
DP407,Москва,Екатеринбург,27.09.2020,только 27 сентября,10:15,14:40
DP407,Москва,Екатеринбург,16.09.2020,"только 16, 23, 30 сентября",12:00,16:25
DP407,Москва,Екатеринбург,18.09.2020,"18, 25 сентября, 1, 2, 3, 4, 5, 6, 7, 8, 9, 10, 11, 12, 13, 14, 15, 16, 17, 18 октября, …",13:55,18:20
DP407,Москва,Екатеринбург,14.09.2020,"только 31 августа, 14, 17, 21, 24, 28 сентября",14:10,18:35
DP407,Москва,Екатеринбург,15.09.2020,"только 15, 22, 26, 29 сентября",14:40,19:05
DP407,Москва,Екатеринбург,20.09.2020,только 20 сентября,14:55,19:15
DP407,Москва,Екатеринбург,10.09.2020,только 10 сентября,16:35,20:55
DP403,Москва,Екатеринбург,25.10.2020,ежедневно с 25.10 по 24.03,22:35,2:55
DP405,Москва,Екатеринбург,01.09.2020,ежедневно по 24.10,23:55,4:25
DP405,Москва,Екатеринбург,25.10.2020,ежедневно с 25.10 по 24.03,23:55,4:15
DP289,Москва,Ижевск,14.09.2020,ежедневно с 14.09 по 24.10,18:40,21:30
DP289,Москва,Ижевск,01.09.2020,ежедневно по 13.09,18:45,21:30
DP453,Москва,Иркутск,16.09.2020,"ежедневно с 16.09 по 24.10, кроме 20.09, 22.09",20:45,7:30
DP453,Москва,Иркутск,25.10.2020,"ежедневно, кроме пн, ср с 25.10 по 23.03",20:50,7:30
DP453,Москва,Иркутск,01.09.2020,"только 1, 2, 3, 4, 5, 6, 7, 8, 9, 10, 11, 12, 13, 14, 15, 20, 22 сентября",21:00,7:30
DP285,Москва,Казань,08.09.2020,"вт, ср, пт с 08.09 по 30.09, кроме 09.09, 11.09",8:00,9:30
DP285,Москва,Казань,01.10.2020,"чт, вс с 01.10 по 22.10",8:00,9:35
DP285,Москва,Казань,17.09.2020,"только 17, 20 сентября",8:05,9:35
DP285,Москва,Казань,27.09.2020,"только 27 сентября, 2, 3, 5, 6, 7, 9, 10, 12, 13, 14, 16, 17, 19, 20, 21, 23, 24 октября",8:50,10:20
DP285,Москва,Казань,10.09.2020,"только 10, 24 сентября",9:40,11:10
DP285,Москва,Казань,03.09.2020,только 3 сентября,11:00,12:25
DP285,Москва,Казань,14.09.2020,"только 14, 21, 28 сентября",11:55,13:25
DP285,Москва,Казань,19.09.2020,"только 19, 26 сентября",13:30,15:00
DP283,Москва,Казань,31.08.2020,"только 17, 24, 31 августа",14:20,15:50
DP283,Москва,Казань,15.09.2020,только 15 сентября,14:50,16:20
DP283,Москва,Казань,14.09.2020,"ежедневно с 14.09 по 24.10, кроме 15.09, 17.09, 20.09",16:10,17:45
DP283,Москва,Казань,25.10.2020,ежедневно с 25.10 по 24.03,16:15,17:45
DP283,Москва,Казань,04.09.2020,"только 4, 11 сентября",16:30,18:00
DP283,Москва,Казань,01.09.2020,"только 29 августа, 1, 3, 5, 8, 10, 12 сентября",16:35,18:05
DP283,Москва,Казань,02.09.2020,"только 23, 30 августа, 2, 6, 7, 9, 13 сентября",16:40,18:10
DP261,Москва,Калининград,25.10.2020,ежедневно с 25.10 по 24.03,7:50,8:55
DP261,Москва,Калининград,01.09.2020,"ежедневно, кроме пн по 13.09",8:00,9:00
DP261,Москва,Калининград,14.09.2020,ежедневно с 14.09 по 24.10,8:25,9:25
DP261,Москва,Калининград,07.09.2020,"только 17, 24, 31 августа, 7 сентября",9:35,10:35
DP267,Москва,Калининград,10.09.2020,только 10 сентября,13:25,14:25
DP263,Москва,Калининград,01.09.2020,"1, 2, 4, 6, 7, 8, 9, 11, 13, 14, 15, 16, 17, 18, 19, 20, 21, 22, 23, 24 сентября, …",13:40,14:40
DP263,Москва,Калининград,03.09.2020,"только 20, 27 августа, 3, 10 сентября",14:50,15:50
DP263,Москва,Калининград,05.09.2020,"только 22, 29 августа, 5, 12 сентября",15:55,16:55
DP267,Москва,Калининград,21.09.2020,"только 21, 23, 28, 30 сентября",16:00,17:00
DP267,Москва,Калининград,14.09.2020,"только 14, 15 сентября",16:10,17:10
DP267,Москва,Калининград,31.08.2020,"только 17, 24, 31 августа",16:20,17:10
DP265,Москва,Калининград,03.09.2020,"3, 4, 5, 6, 7, 11, 12, 13, 14, 15, 16, 17, 18, 21, 22, 23, 24, 25, 26, 27 сентября, …",18:10,19:10
DP265,Москва,Калининград,01.09.2020,"только 1, 8 сентября",18:50,19:50
DP265,Москва,Калининград,19.09.2020,только 19 сентября,19:00,20:00
DP265,Москва,Калининград,10.09.2020,только 10 сентября,19:05,20:05
DP263,Москва,Калининград,25.10.2020,ежедневно с 25.10 по 24.03,19:10,20:15
DP265,Москва,Калининград,20.09.2020,только 20 сентября,19:10,20:10
DP265,Москва,Калининград,02.09.2020,"только 2, 9 сентября",19:20,20:20
DP847,Москва,КарловыВары,25.10.2020,"ежедневно, кроме вт, сб с 25.10 по 24.03",13:00,13:55
DP847,Москва,КарловыВары,01.10.2020,"ежедневно, кроме вт, сб с 01.10 по 23.10",15:50,17:40
DP445,Москва,Кемерово,14.09.2020,"ежедневно с 14.09 по 11.02, кроме 31.12",22:55,7:15
DP445,Москва,Кемерово,01.09.2020,ежедневно по 13.09,23:10,7:15
DP275,Москва,Киров,25.10.2020,ежедневно с 25.10 по 24.03,19:35,21:15
DP275,Москва,Киров,01.09.2020,"1, 2, 3, 5, 6, 7, 8, 9, 10, 12, 13, 14, 15, 16, 17, 19, 20, 21, 22, 23 сентября, …",20:20,21:55
DP275,Москва,Киров,04.09.2020,"только 21, 28 августа, 4, 11, 18, 25 сентября",20:30,22:00
DP155,Москва,Краснодар,01.10.2020,ежедневно с 01.10 по 24.10,8:00,10:10
DP161,Москва,Краснодар,01.10.2020,ежедневно с 01.10 по 24.10,8:00,10:10
DP155,Москва,Краснодар,20.09.2020,"только 20, 27 сентября",8:20,10:25
DP155,Москва,Краснодар,14.09.2020,"ежедневно, кроме вс с 14.09 по 30.09",8:30,10:40
DP157,Москва,Краснодар,31.08.2020,только 31 августа,8:55,11:05
DP155,Москва,Краснодар,25.10.2020,ежедневно с 25.10 по 24.03,9:00,11:10
DP157,Москва,Краснодар,02.09.2020,"ср, вс по 30.09",12:05,14:15
DP157,Москва,Краснодар,01.09.2020,"1, 3, 8, 10, 15, 17, 22, 24, 28, 29 сентября, 1, 2, 3, 4, 5, 6, 7, 8, 9, 10 октября, …",12:10,14:20
DP161,Москва,Краснодар,21.09.2020,"только 21, 28 сентября",12:10,14:20
DP157,Москва,Краснодар,05.09.2020,"только 5, 12, 19, 26 сентября",13:00,15:05
DP155,Москва,Краснодар,31.08.2020,"только 17, 21, 24, 28, 31 августа",15:05,17:15
DP157,Москва,Краснодар,04.09.2020,"пн, пт с 04.09 по 25.09",15:05,17:15
DP155,Москва,Краснодар,30.08.2020,"только 16, 19, 23, 26, 30 августа",17:30,19:40
DP159,Москва,Краснодар,01.09.2020,ежедневно по 24.10,22:20,0:35
DP159,Москва,Краснодар,25.10.2020,"ежедневно с 25.10 по 24.03, кроме 31.12",22:45,0:55
DP417,Москва,Красноярск,28.09.2020,ежедневно с 28.09 по 24.10,22:05,6:40
DP417,Москва,Красноярск,03.09.2020,"пн, чт, сб по 26.09",22:50,7:20
DP417,Москва,Красноярск,25.10.2020,ежедневно с 25.10 по 24.03,22:50,7:25
DP417,Москва,Красноярск,01.09.2020,"вт, ср, пт, вс по 27.09",23:55,8:30
DP495,Москва,Курган,02.10.2020,"пн, ср, пт, вс с 02.10 по 01.03",23:50,4:30
DP825,Москва,Ларнака,01.10.2020,ежедневно с 01.10 по 24.10,9:50,13:35
DP825,Москва,Ларнака,25.10.2020,"пн, ср, пт, вс с 25.10 по 24.03",10:05,12:55
DP191,Москва,Махачкала,01.09.2020,ежедневно по 24.10,7:45,10:15
DP189,Москва,Махачкала,25.10.2020,ежедневно с 25.10 по 24.03,8:05,10:40
DP189,Москва,Махачкала,01.09.2020,"1, 2, 4, 6, 8, 9, 11, 13, 15, 16, 18, 20, 22, 23, 25, 27, 29, 30 сентября, 1, 2 октября, …",11:20,13:55
DP191,Москва,Махачкала,25.10.2020,ежедневно с 25.10 по 24.03,12:50,15:25
DP199,Москва,Махачкала,01.09.2020,"только 1, 2, 4, 6, 8, 9, 11, 13, 20, 27 сентября",13:15,15:40
DP189,Москва,Махачкала,03.09.2020,"только 29, 31 августа, 3, 5, 7, 10, 12 сентября",13:15,15:40
DP189,Москва,Махачкала,14.09.2020,"только 14, 19, 21, 24, 26, 28 сентября",16:30,18:55
DP199,Москва,Махачкала,16.09.2020,"16, 18, 22, 23, 25, 29, 30 сентября, 1, 2, 3, 4, 5, 6, 7, 8, 9, 10, 11, 12, 13 октября, …",16:30,18:55
DP189,Москва,Махачкала,17.09.2020,только 17 сентября,16:40,18:55
DP199,Москва,Махачкала,15.09.2020,только 15 сентября,16:40,18:55
DP187,Москва,Махачкала,01.09.2020,ежедневно по 30.09,18:15,20:45
DP187,Москва,Махачкала,25.10.2020,"25, 26, 28, 29, 30 октября, 1, 2, 4, 5, 6, 8, 9, 11, 12, 13, 15, 16, 18, 19, 20 ноября, …",18:50,21:30
DP187,Москва,Махачкала,01.10.2020,ежедневно с 01.10 по 24.10,18:55,21:30
DP199,Москва,Махачкала,03.09.2020,"пн, чт, сб по 28.09",20:50,23:15
DP167,Москва,МинеральныеВоды,25.10.2020,ежедневно с 25.10 по 24.03,7:50,10:10
DP167,Москва,МинеральныеВоды,02.09.2020,"только 20, 26, 27 августа, 2, 3, 9, 10 сентября",8:00,10:15
DP179,Москва,МинеральныеВоды,01.09.2020,"ежедневно, кроме ср, чт по 13.09",8:00,10:10
DP167,Москва,МинеральныеВоды,14.09.2020,ежедневно с 14.09 по 24.10,9:55,12:10
DP179,Москва,МинеральныеВоды,18.09.2020,"только 18, 25 сентября",12:00,14:15
DP169,Москва,МинеральныеВоды,07.09.2020,"только 17, 24, 31 августа, 7 сентября",12:05,14:20
DP169,Москва,МинеральныеВоды,04.09.2020,"только 30 августа, 4, 5, 6, 11, 12, 13 сентября",12:45,15:00
DP167,Москва,МинеральныеВоды,01.09.2020,"только 25 августа, 1, 8 сентября",12:50,15:05
DP179,Москва,МинеральныеВоды,14.09.2020,"пн, вт, сб, вс с 14.09 по 29.09",12:50,15:05
DP179,Москва,МинеральныеВоды,01.10.2020,ежедневно с 01.10 по 24.10,13:00,15:15
DP179,Москва,МинеральныеВоды,03.09.2020,"только 20, 27 августа, 3, 10, 17, 24 сентября",13:30,15:40
DP179,Москва,МинеральныеВоды,02.09.2020,"только 19, 26 августа, 2, 9, 16, 23, 30 сентября",14:15,16:25
DP167,Москва,МинеральныеВоды,04.09.2020,"пн, пт, сб, вс по 13.09",17:00,19:15
DP169,Москва,МинеральныеВоды,01.09.2020,"1, 2, 3, 8, 9, 10, 14, 15, 16, 17, 18, 19, 20, 21, 22, 23, 24, 25, 26, 27 сентября, …",18:05,20:20
DP169,Москва,МинеральныеВоды,25.10.2020,ежедневно с 25.10 по 24.03,18:40,21:00
DP235,Москва,Мурманск,06.09.2020,"только 16, 23, 30 августа, 6, 13 сентября",16:20,18:50
DP235,Москва,Мурманск,01.09.2020,"1, 2, 3, 5, 7, 8, 9, 10, 12, 14, 15, 16, 17, 19, 21, 23, 24, 26, 28, 29 сентября, …",16:55,19:25
DP235,Москва,Мурманск,18.09.2020,"пт, вс с 18.09 по 23.10, кроме 25.09",17:00,19:30
DP235,Москва,Мурманск,04.09.2020,"только 21, 28 августа, 4, 11 сентября",17:00,19:25
DP235,Москва,Мурманск,25.10.2020,ежедневно с 25.10 по 24.03,17:25,20:00
DP821,Москва,Мемминген,03.10.2020,"вт, сб с 03.10 по 24.10",10:45,13:00
DP821,Москва,Мемминген,31.10.2020,сб с 31.10 по 27.03,12:15,13:30
DP173,Москва,Назрань,14.09.2020,ежедневно с 14.09 по 24.10,8:00,10:25
DP173,Москва,Назрань,25.10.2020,ежедневно с 25.10 по 24.03,8:30,11:05
DP173,Москва,Назрань,30.08.2020,только 30 августа,9:20,11:45
DP173,Москва,Назрань,02.09.2020,"только 19, 26 августа, 2, 9 сентября",10:15,12:45
DP173,Москва,Назрань,01.09.2020,"ежедневно, кроме ср, сб по 13.09",10:40,13:10
DP173,Москва,Назрань,05.09.2020,"только 22, 29 августа, 5, 12 сентября",15:00,17:30
DP193,Москва,Нальчик,02.09.2020,"только 2, 9 сентября",8:20,10:45
DP193,Москва,Нальчик,17.09.2020,"только 17, 20 сентября",8:30,10:55
DP193,Москва,Нальчик,06.09.2020,"только 16, 23, 30 августа, 6, 13 сентября",8:45,11:10
DP193,Москва,Нальчик,04.09.2020,"4, 8, 10, 11, 14, 15, 16, 18, 19, 21, 22, 23, 24, 25, 26, 27, 28, 29, 30 сентября, 1 октября, …",9:00,11:25
DP193,Москва,Нальчик,03.09.2020,только 3 сентября,9:35,12:00
DP193,Москва,Нальчик,12.09.2020,только 12 сентября,10:05,12:30
DP193,Москва,Нальчик,25.10.2020,ежедневно с 25.10 по 24.03,10:25,12:45
DP193,Москва,Нальчик,05.09.2020,только 5 сентября,10:25,12:50
DP193,Москва,Нальчик,01.09.2020,"только 1, 7 сентября",15:15,17:40
DP443,Москва,Новосибирск,01.09.2020,ежедневно по 24.10,20:30,4:30
DP443,Москва,Новосибирск,25.10.2020,ежедневно с 25.10 по 24.03,22:00,6:05
DP1419,Москва,Новосибирск,02.09.2020,"ср, пт по 25.09",22:30,6:20
DP419,Москва,Новосибирск,14.10.2020,ежедневно с 14.10 по 24.10,22:35,6:40
DP419,Москва,Новосибирск,25.10.2020,ежедневно с 25.10 по 24.03,23:05,7:10
DP419,Москва,Новосибирск,01.09.2020,"ежедневно, кроме ср, пт по 27.09",23:25,7:15
DP471,Москва,Омск,14.09.2020,"ежедневно с 14.09 по 11.02, кроме 31.12",22:00,4:20
DP471,Москва,Омск,01.09.2020,ежедневно по 13.09,22:10,4:20
DP433,Москва,Пермь,01.09.2020,"ежедневно по 28.01, кроме 01.01",0:40,4:40
DP431,Москва,Пермь,17.09.2020,"чт, сб с 17.09 по 24.10",16:10,20:10
DP431,Москва,Пермь,14.09.2020,"14, 16, 18, 20, 21, 22, 23, 25, 27, 28, 29, 30 сентября, 2, 4, 5, 6, 7, 9, 11, 12 октября, …",18:30,22:30
DP431,Москва,Пермь,15.09.2020,только 15 сентября,18:50,22:50
DP281,Москва,Петрозаводск,05.09.2020,"только 22, 29 августа, 5, 12, 19, 26 сентября",10:00,11:35
DP281,Москва,Петрозаводск,14.09.2020,только 14 сентября,14:40,16:15
DP281,Москва,Петрозаводск,06.09.2020,"только 16, 23, 30 августа, 6, 13 сентября",14:50,16:20
DP281,Москва,Петрозаводск,02.09.2020,"2, 7, 9, 16, 18, 20, 21, 23, 25, 27, 28, 30 сентября, 2, 4, 5, 7, 9, 11, 12, 14 октября, …",15:25,17:05
DP281,Москва,Петрозаводск,04.09.2020,"только 4, 11 сентября",18:30,20:10
DP281,Москва,Петрозаводск,03.09.2020,"только 20, 27 августа, 3, 10, 17, 24 сентября",19:15,20:45
DP811,Москва,Пиза,25.10.2020,"пн, ср, пт, вс с 25.10 по 24.03",7:55,9:45
DP959,Москва,Рига,01.10.2020,ежедневно с 01.10 по 24.10,18:30,20:10
DP959,Москва,Рига,25.10.2020,ежедневно с 25.10 по 24.03,19:15,20:00
DP933,Москва,Рим,01.10.2020,ежедневно с 01.10 по 24.10,11:30,14:15
DP933,Москва,Рим,25.10.2020,ежедневно с 25.10 по 24.03,12:35,14:20
DP213,Москва,Санкт-Петербург,16.09.2020,"только 16, 18 сентября",7:20,8:45
DP201,Москва,Санкт-Петербург,03.09.2020,"пн, чт, сб по 28.09",7:30,8:50
DP209,Москва,Санкт-Петербург,25.10.2020,ежедневно с 25.10 по 24.03,7:30,8:55
DP207,Москва,Санкт-Петербург,02.10.2020,"ежедневно с 02.10 по 24.10, кроме 06.10, 08.10, 13.10",7:35,9:00
DP201,Москва,Санкт-Петербург,01.10.2020,"пн, чт, сб с 01.10 по 24.10",8:25,9:50
DP213,Москва,Санкт-Петербург,01.09.2020,ежедневно по 13.09,8:40,10:05
DP203,Москва,Санкт-Петербург,25.10.2020,ежедневно с 25.10 по 24.03,9:00,10:25
DP203,Москва,Санкт-Петербург,01.09.2020,ежедневно по 24.10,9:10,10:35
DP205,Москва,Санкт-Петербург,06.09.2020,"только 16, 23, 30 августа, 6, 13 сентября",9:50,11:10
DP209,Москва,Санкт-Петербург,01.09.2020,"ежедневно по 27.09, кроме 06.09, 07.09, 13.09",10:45,12:15
DP209,Москва,Санкт-Петербург,28.09.2020,ежедневно с 28.09 по 24.10,10:50,12:15
DP207,Москва,Санкт-Петербург,25.10.2020,"ежедневно, кроме ср, пт с 25.10 по 23.03",11:00,12:25
DP207,Москва,Санкт-Петербург,04.09.2020,"только 21, 28 августа, 4, 11 сентября",11:40,12:55
DP207,Москва,Санкт-Петербург,18.09.2020,"только 18, 25 сентября",11:55,13:10
DP209,Москва,Санкт-Петербург,07.09.2020,только 7 сентября,11:55,13:20
DP205,Москва,Санкт-Петербург,01.09.2020,"1, 2, 3, 5, 8, 9, 10, 12, 15, 16, 17, 19, 20, 22, 23, 24, 26, 27, 29, 30 сентября, …",12:45,14:10
DP205,Москва,Санкт-Петербург,04.09.2020,"пн, пт по 28.09",12:50,14:15
DP211,Москва,Санкт-Петербург,02.09.2020,"только 19, 26 августа, 2, 9, 16, 23, 30 сентября",14:00,15:25
DP211,Москва,Санкт-Петербург,01.09.2020,"вт, вс по 20.10, кроме 06.09, 13.09",15:50,17:15
DP201,Москва,Санкт-Петербург,22.09.2020,"только 22, 25 сентября",17:05,18:30
DP207,Москва,Санкт-Петербург,28.09.2020,только 28 сентября,17:55,19:20
DP207,Москва,Санкт-Петербург,06.09.2020,"только 30 августа, 6, 13, 17, 20, 24, 27 сентября",18:25,19:55
DP207,Москва,Санкт-Петербург,01.09.2020,"вт, ср по 26.09, а ещё 19.09, 26.09",18:30,19:55
DP207,Москва,Санкт-Петербург,07.09.2020,"только 17, 24, 31 августа, 7, 14, 21 сентября",18:40,19:55
DP211,Москва,Санкт-Петербург,03.09.2020,"чт, сб по 24.10, а ещё 07.10, 14.10, 21.10",21:20,22:45
DP211,Москва,Санкт-Петербург,02.10.2020,"пн, пт с 02.10 по 23.10",21:40,23:30
DP205,Москва,Санкт-Петербург,25.10.2020,ежедневно с 25.10 по 24.03,21:45,23:10
DP475,Москва,Саратов,04.09.2020,"только 4, 11 сентября",7:50,10:20
DP475,Москва,Саратов,29.09.2020,"вт, чт, сб с 29.09 по 24.10",8:05,10:35
DP475,Москва,Саратов,02.09.2020,"пн, ср, пт, вс по 23.10, кроме 04.09, 11.09, 14.09",8:10,10:35
DP475,Москва,Саратов,01.09.2020,"вт, чт, сб по 26.09",8:40,11:10
DP475,Москва,Саратов,25.10.2020,ежедневно с 25.10 по 24.03,8:45,11:15
DP475,Москва,Саратов,14.09.2020,только 14 сентября,8:50,11:20
DP467,Москва,Саратов,02.09.2020,"2, 3, 4, 5, 6, 9, 10, 11, 12, 13, 16, 17, 18, 19, 20, 23, 24, 25, 26, 27 сентября, …",18:45,21:15
DP467,Москва,Саратов,25.10.2020,ежедневно с 25.10 по 24.03,18:50,21:20
DP467,Москва,Саратов,01.09.2020,"пн, вт с 01.09 по 29.09",18:50,21:15
DP467,Москва,Саратов,01.10.2020,ежедневно с 01.10 по 24.10,19:40,22:10
DP185,Москва,Ставрополь,01.09.2020,"1, 2, 3, 4, 5, 6, 7, 8, 9, 10, 11, 12, 13, 14, 15, 16, 17, 18, 19, 20 сентября, …",7:45,9:55
DP185,Москва,Ставрополь,02.10.2020,"2, 4, 5, 7, 9, 11, 12, 14, 16, 18, 19, 21, 23, 25, 26, 27, 28, 29, 30, 31 октября, …",8:00,10:10
DP883,Москва,Стамбул,14.09.2020,"ежедневно, кроме ср, пт с 14.09 по 24.10",9:30,13:00
DP883,Москва,Стамбул,01.09.2020,"1, 3, 5, 6, 7, 8, 10, 12, 13 сентября, 25, 26, 27, 28, 29, 30, 31 октября, 1, 2, 3, 4 ноября, …",9:40,13:05
DP883,Москва,Стамбул,16.09.2020,"только 16, 23, 30 сентября, 7, 14, 21 октября",9:50,13:20
DP883,Москва,Стамбул,02.09.2020,"только 19, 26 августа, 2, 9 сентября",10:00,13:20
DP883,Москва,Стамбул,18.09.2020,"только 18, 25 сентября, 2, 9, 16, 23 октября",10:40,14:10
DP883,Москва,Стамбул,04.09.2020,"только 21, 28 августа, 4, 11 сентября",10:50,14:10
DP259,Москва,Сургут,25.10.2020,"ежедневно с 25.10 по 24.03, кроме 31.12",23:35,4:55
DP259,Москва,Сургут,01.09.2020,ежедневно по 24.10,23:40,4:55
DP829,Москва,Тиват,18.09.2020,ежедневно с 18.09 по 24.10,9:20,11:35
DP829,Москва,Тиват,25.10.2020,"пн, ср, пт, вс с 25.10 по 24.03",11:20,13:40
DP929,Москва,Тиват,01.10.2020,"чт, вс с 01.10 по 22.10",13:15,15:30
DP929,Москва,Тиват,02.10.2020,"ежедневно, кроме чт, вс с 02.10 по 24.10",14:05,16:20
DP931,Москва,Тиват,01.10.2020,только 1 октября,14:55,17:10
DP931,Москва,Тиват,03.10.2020,только 3 октября,15:00,17:10
DP931,Москва,Тиват,02.10.2020,"только 2, 4 октября",15:10,17:25
DP449,Москва,Тюмень,01.09.2020,ежедневно по 24.10,23:55,4:35
DP425,Москва,Улан-Удэ,25.10.2020,"25, 26, 28, 29, 30 октября, 1, 2, 4, 5, 6, 8, 9, 11, 12, 13, 15, 16, 18, 19, 20 ноября, …",20:40,7:25
DP425,Москва,Улан-Удэ,14.09.2020,ежедневно с 14.09 по 24.10,20:45,7:35
DP425,Москва,Улан-Удэ,01.09.2020,"пн, вт, ср, чт по 10.09",20:50,7:35
DP425,Москва,Улан-Удэ,06.09.2020,"только 16, 23, 30 августа, 6, 13 сентября",21:00,7:35
DP425,Москва,Улан-Удэ,04.09.2020,"только 21, 28 августа, 4, 11 сентября",22:45,9:30
DP1425,Москва,Улан-Удэ,05.09.2020,"только 22, 29 августа, 5, 12 сентября",22:45,9:30
DP485,Москва,Ульяновск,07.09.2020,"пн, ср, чт с 07.09 по 30.09, кроме 09.09, 10.09, 24.09",8:40,11:10
DP485,Москва,Ульяновск,11.09.2020,"только 11, 18, 25 сентября",12:10,14:40
DP465,Москва,Ульяновск,03.09.2020,"только 20, 27 августа, 3, 10 сентября",17:05,19:35
DP465,Москва,Ульяновск,01.09.2020,"1, 2, 5, 6, 7, 8, 9, 12, 13, 14, 15, 16, 17, 18, 19, 20, 21, 22, 23, 24 сентября, …",17:30,20:00
DP465,Москва,Ульяновск,04.09.2020,"только 21, 28 августа, 4, 11 сентября",17:50,20:20
DP465,Москва,Ульяновск,25.10.2020,ежедневно с 25.10 по 24.03,19:00,21:30
DP435,Москва,Уфа,01.09.2020,ежедневно по 24.10,1:55,6:05
DP437,Москва,Уфа,01.10.2020,ежедневно с 01.10 по 24.10,13:00,17:05
DP437,Москва,Уфа,03.09.2020,"только 3, 10, 17, 24 сентября",14:00,17:50
DP437,Москва,Уфа,25.09.2020,только 25 сентября,15:55,19:40
DP437,Москва,Уфа,18.09.2020,только 18 сентября,16:00,19:40
DP437,Москва,Уфа,01.09.2020,"ежедневно, кроме чт, пт по 30.09",19:10,23:05
DP435,Москва,Уфа,25.10.2020,ежедневно с 25.10 по 24.03,23:45,3:45
DP459,Москва,Чебоксары,01.09.2020,ежедневно по 24.10,8:20,9:40
DP459,Москва,Чебоксары,25.10.2020,ежедневно с 25.10 по 24.03,9:05,10:25
DP457,Москва,Чебоксары,01.09.2020,ежедневно по 24.10,19:50,21:20
DP457,Москва,Чебоксары,25.10.2020,ежедневно с 25.10 по 24.03,20:00,21:20
DP415,Москва,Челябинск,14.09.2020,только 14 сентября,12:35,17:00
DP415,Москва,Челябинск,01.09.2020,"только 1, 7, 8, 15, 16, 17, 18, 21, 22, 23, 24, 25, 28, 29, 30 сентября",13:15,17:40
DP415,Москва,Челябинск,01.10.2020,ежедневно с 01.10 по 24.10,14:00,18:25
DP415,Москва,Челябинск,05.09.2020,"только 5, 12, 19, 26 сентября",14:15,18:35
DP415,Москва,Челябинск,10.09.2020,только 10 сентября,14:40,19:05
DP415,Москва,Челябинск,03.09.2020,только 3 сентября,15:10,19:35
DP413,Москва,Челябинск,01.09.2020,ежедневно по 24.10,23:50,4:15
DP413,Москва,Челябинск,25.10.2020,"ежедневно с 25.10 по 24.03, кроме 31.12",23:55,4:20
DP969,Москва,Эйлат,01.10.2020,"вт, чт, сб с 01.10 по 24.10",8:30,13:00
DP236,Мурманск,Москва,22.09.2020,"только 22, 25 сентября",18:10,20:40
DP236,Мурманск,Москва,18.09.2020,"ежедневно с 14.09 по 24.10, кроме 22.09, 25.09",19:55,22:25
DP236,Мурманск,Москва,25.10.2020,ежедневно с 25.10 по 24.03,20:30,23:05
DP822,Мюнхен,Москва,31.10.2020,сб с 31.10 по 27.03,14:00,19:05
DP442,НабережныеЧелны,Москва,25.10.2020,ежедневно с 25.10 по 24.03,9:55,11:35
DP442,НабережныеЧелны,Москва,02.10.2020,ежедневно с 30.09 по 24.10,14:15,16:05
DP442,НабережныеЧелны,Москва,29.09.2020,"только 28, 29 сентября",17:55,19:45
DP528,НабережныеЧелны,Санкт-Петербург,02.10.2020,"ежедневно, кроме вт, сб по 23.10",11:20,13:50
DP528,НабережныеЧелны,Санкт-Петербург,25.10.2020,"пн, ср, пт, вс с 25.10 по 24.03",12:55,15:30
DP174,Назрань,Москва,29.03.2021,ежедневно с 29.03 по 26.08,10:55,13:25
DP174,Назрань,Москва,11.03.2021,ежедневно по 27.03,11:35,14:05
DP194,Нальчик,Москва,13.10.2020,ежедневно по 23.10,11:55,14:15
DP194,Нальчик,Москва,25.10.2020,"ежедневно с 25.10 по 24.03, кроме 29.10, 30.10, 31.10",13:15,15:35
DP194,Нальчик,Москва,29.10.2020,"только 29, 30, 31 октября",13:40,16:00
DP194,Нальчик,Москва,24.10.2020,только 24 октября,16:50,19:10
DP512,Нальчик,Санкт-Петербург,14.10.2020,"только 10, 12, 14, 17, 19, 21, 24 октября",13:35,16:40
DP400,Новосибирск,Анапа,13.06.2021,"ср, пт, вс с 13.06 по 12.09",7:55,8:40
DP420,Новосибирск,Москва,04.04.2021,ежедневно по 01.09,5:00,5:10
DP444,Новосибирск,Москва,01.06.2021,ежедневно с 01.06 по 29.10,6:50,7:00
DP1444,Новосибирск,Москва,03.04.2021,"пн, вт, чт, сб по 31.05",6:50,7:00
DP444,Новосибирск,Москва,04.04.2021,"ср, пт, вс по 30.05",7:35,7:45
DP558,Новосибирск,Санкт-Петербург,04.04.2021,ежедневно по 01.09,8:25,9:00
DP472,Омск,Москва,05.04.2021,ежедневно по 02.09,5:05,5:35
DP390,Пермь,Анапа,05.06.2021,"ежедневно, кроме ср, вс с 05.06 по 18.09",6:30,7:30
DP4434,Пермь,Москва,12.05.2021,ежедневно с 12.05 по 09.10,4:55,5:20
DP434,Пермь,Москва,12.03.2021,"12, 13, 14, 15, 16, 17, 18, 19, 20, 21, 22, 23, 24, 25, 26, 27, 28, 29, 30, 31 марта, …",6:10,6:25
DP4432,Пермь,Москва,11.05.2021,11 мая,12:25,12:30
DP4430,Пермь,Москва,11.05.2021,ежедневно с 11.05 по 08.10,14:25,14:50
DP434,Пермь,Москва,08.06.2021,вт с 08.06 по 26.10,16:55,17:00
DP434,Пермь,Москва,05.06.2021,сб с 05.06 по 30.10,17:05,17:10
DP432,Пермь,Москва,08.03.2021,"15, 22 марта",20:10,20:25
DP432,Пермь,Москва,01.04.2021,ежедневно с 01.04 по 31.05,20:30,21:05
DP4432,Пермь,Москва,01.05.2021,ежедневно с 01.05 по 10.05,23:00,23:05
DP570,Пермь,Санкт-Петербург,29.03.2021,ежедневно с 29.03 по 26.08,5:35,6:05
DP570,Пермь,Санкт-Петербург,12.03.2021,ежедневно по 28.03,6:00,6:40
DP282,Петрозаводск,Москва,25.10.2020,"пн, ср, пт, вс с 25.10 по 24.03",12:15,13:50
DP282,Петрозаводск,Москва,02.10.2020,"пн, ср, пт, вс по 23.10",17:35,19:10
DP960,Рига,Москва,01.12.2020,ежедневно с 01.12 по 27.03,20:30,23:05
DP934,Рим,Москва,01.12.2020,ежедневно с 01.12 по 27.03,15:10,20:55
DP519,Санкт-Петербург,Астрахань,27.10.2020,"вт, сб с 27.10 по 23.03",8:00,12:00
DP519,Санкт-Петербург,Астрахань,09.10.2020,"вт, пт, вс по 23.10",10:10,14:10
DP519,Санкт-Петербург,Астрахань,29.10.2020,чт с 29.10 по 25.03,10:25,14:15
DP519,Санкт-Петербург,Астрахань,14.10.2020,"только 7, 14, 21 октября",12:35,16:35
DP519,Санкт-Петербург,Астрахань,26.10.2020,пн с 26.10 по 22.03,14:00,18:00
DP599,Санкт-Петербург,Белгород,29.10.2020,"вт, чт, вс с 29.10 по 25.03",15:20,17:20
DP507,Санкт-Петербург,Владикавказ,25.10.2020,"ежедневно, кроме вт, сб с 25.10 по 24.03",9:00,12:10
DP507,Санкт-Петербург,Владикавказ,08.10.2020,"ежедневно, кроме пн, пт по 24.10",14:50,18:00
DP517,Санкт-Петербург,Волгоград,08.10.2020,ежедневно по 24.10,13:30,16:55
DP517,Санкт-Петербург,Волгоград,25.10.2020,ежедневно с 25.10 по 24.03,17:30,20:55
DP575,Санкт-Петербург,Воронеж,01.11.2020,"вт, вс с 01.11 по 23.03",10:25,12:20
DP575,Санкт-Петербург,Воронеж,25.10.2020,"сб с 25.10 по 20.03, а ещё 25.10, 27.10",11:40,13:35
DP575,Санкт-Петербург,Воронеж,30.10.2020,пт с 30.10 по 26.03,12:00,13:55
DP575,Санкт-Петербург,Воронеж,28.10.2020,ср с 28.10 по 24.03,12:15,14:10
DP575,Санкт-Петербург,Воронеж,09.10.2020,"только 2, 5, 9, 12, 16, 19, 23 октября",17:20,19:10
DP575,Санкт-Петербург,Воронеж,08.10.2020,"вт, чт, сб по 24.10",17:50,19:50
DP581,Санкт-Петербург,Екатеринбург,08.10.2020,ежедневно по 24.10,12:55,17:40
DP581,Санкт-Петербург,Екатеринбург,25.10.2020,ежедневно с 25.10 по 24.03,13:55,18:40
DP547,Санкт-Петербург,Казань,08.10.2020,ежедневно по 24.10,18:20,20:25
DP547,Санкт-Петербург,Казань,25.10.2020,ежедневно с 25.10 по 24.03,18:25,20:30
DP535,Санкт-Петербург,Калининград,25.10.2020,ежедневно с 25.10 по 24.03,9:35,10:10
DP535,Санкт-Петербург,Калининград,08.10.2020,ежедневно по 24.10,9:40,10:15
DP529,Санкт-Петербург,Калининград,25.10.2020,ежедневно с 25.10 по 24.03,15:40,16:15
DP529,Санкт-Петербург,Калининград,08.10.2020,ежедневно по 24.10,19:40,20:15
DP513,Санкт-Петербург,Киров,09.10.2020,"пн, ср, пт, вс по 23.10",8:00,9:55
DP513,Санкт-Петербург,Киров,25.10.2020,"пн, ср, пт, вс с 25.10 по 24.03",17:50,19:40
DP509,Санкт-Петербург,Краснодар,08.10.2020,ежедневно по 03.03,11:10,14:05
DP595,Санкт-Петербург,Махачкала,08.10.2020,"пн, чт, сб по 24.10",10:30,13:50
DP506,Санкт-Петербург,Махачкала,25.10.2020,"пн, ср, пт, вс с 25.10 по 24.03",14:10,17:40
DP506,Санкт-Петербург,Махачкала,27.10.2020,"вт, чт, сб с 27.10 по 25.03",14:20,17:40
DP506,Санкт-Петербург,Махачкала,08.10.2020,ежедневно по 24.10,14:30,17:50
DP539,Санкт-Петербург,МинеральныеВоды,25.10.2020,ежедневно с 25.10 по 24.03,8:20,11:30
DP539,Санкт-Петербург,МинеральныеВоды,14.10.2020,"только 7, 14, 21 октября",9:50,12:45
DP539,Санкт-Петербург,МинеральныеВоды,08.10.2020,"ежедневно, кроме ср по 24.10",10:40,13:35
DP573,Санкт-Петербург,МинеральныеВоды,09.10.2020,"только 2, 5, 9, 12, 16, 19, 23 октября",16:20,19:15
DP573,Санкт-Петербург,МинеральныеВоды,14.10.2020,"только 7, 14, 21 октября",16:55,19:45
DP204,Санкт-Петербург,Москва,25.10.2020,ежедневно с 25.10 по 24.03,7:00,8:30
DP204,Санкт-Петербург,Москва,08.10.2020,ежедневно по 24.10,7:10,8:40
DP202,Санкт-Петербург,Москва,25.10.2020,ежедневно с 25.10 по 24.03,8:55,10:25
DP208,Санкт-Петербург,Москва,08.10.2020,ежедневно по 24.10,13:55,15:25
DP208,Санкт-Петербург,Москва,25.10.2020,"только 25, 27 октября",16:40,18:10
DP208,Санкт-Петербург,Москва,28.10.2020,ср с 28.10 по 24.03,17:10,18:40
DP212,Санкт-Петербург,Москва,10.10.2020,"ср, сб, вс по 24.10",17:20,18:50
DP212,Санкт-Петербург,Москва,09.10.2020,"только 2, 5, 9, 12, 16, 19, 23 октября",17:50,19:20
DP212,Санкт-Петербург,Москва,25.10.2020,ежедневно с 25.10 по 24.03,18:10,19:40
DP202,Санкт-Петербург,Москва,10.10.2020,"только 3, 5, 10, 12, 17, 19, 24 октября",18:35,19:55
DP212,Санкт-Петербург,Москва,08.10.2020,"только 1, 8, 15, 22 октября",18:35,20:05
DP210,Санкт-Петербург,Москва,08.10.2020,ежедневно по 24.10,19:40,21:05
DP206,Санкт-Петербург,Москва,25.10.2020,ежедневно с 25.10 по 24.03,19:45,21:15
DP202,Санкт-Петербург,Москва,08.10.2020,"только 1, 8, 15, 22 октября",20:30,21:50
DP212,Санкт-Петербург,Москва,13.10.2020,"только 6, 13, 20 октября",20:55,22:25
DP210,Санкт-Петербург,Москва,25.10.2020,ежедневно с 25.10 по 24.03,21:00,22:30
DP511,Санкт-Петербург,Нальчик,10.10.2020,"пн, ср, сб по 24.10",10:00,13:05
DP569,Санкт-Петербург,Пермь,08.10.2020,ежедневно по 24.10,0:20,4:50
DP569,Санкт-Петербург,Пермь,25.10.2020,ежедневно с 25.10 по 24.03,0:30,4:50
DP577,Санкт-Петербург,Саратов,08.10.2020,"вт, чт, сб по 24.10",7:35,10:55
DP577,Санкт-Петербург,Саратов,25.10.2020,"пн, ср, пт, вс с 25.10 по 24.03",8:40,11:50
DP577,Санкт-Петербург,Саратов,09.10.2020,"только 2, 4, 9, 11, 16, 18, 23 октября",13:10,16:20
DP577,Санкт-Петербург,Саратов,31.10.2020,сб с 31.10 по 27.03,16:40,19:50
DP537,Санкт-Петербург,Ставрополь,08.10.2020,"вт, чт, сб по 24.10, а ещё 04.10",14:10,17:05
DP537,Санкт-Петербург,Ставрополь,25.10.2020,"ср, пт, вс с 25.10 по 24.03",14:25,17:20
DP565,Санкт-Петербург,Ульяновск,27.10.2020,"вт, чт, сб с 27.10 по 25.03",8:40,11:50
DP565,Санкт-Петербург,Ульяновск,11.10.2020,"только 29 сентября, 4, 6, 11, 13, 18, 20 октября",17:55,21:05
DP565,Санкт-Петербург,Ульяновск,09.10.2020,"только 2, 9, 16, 23 октября",18:05,21:05
DP565,Санкт-Петербург,Ульяновск,25.10.2020,только 25 октября,18:20,21:30
DP565,Санкт-Петербург,Ульяновск,01.11.2020,вс с 01.11 по 21.03,18:40,21:50
DP565,Санкт-Петербург,Ульяновск,08.10.2020,"только 1, 8, 15, 22 октября",18:50,22:00
DP525,Санкт-Петербург,Чебоксары,08.10.2020,"вт, чт, сб по 24.10",9:15,11:15
DP525,Санкт-Петербург,Чебоксары,27.10.2020,"вт, чт, сб с 27.10 по 25.03",10:15,12:10
DP525,Санкт-Петербург,Чебоксары,30.10.2020,пт с 30.10 по 26.03,17:00,18:55
DP585,Санкт-Петербург,Ярославль,08.10.2020,"только 1, 8, 15, 22 октября",14:30,15:55
DP585,Санкт-Петербург,Ярославль,13.10.2020,"только 6, 13, 20 октября",16:50,18:15
DP585,Санкт-Петербург,Ярославль,11.10.2020,"только 4, 11, 18 октября",17:50,19:15
DP585,Санкт-Петербург,Ярославль,27.10.2020,"вт, сб с 27.10 по 23.03",18:00,19:20
DP585,Санкт-Петербург,Ярославль,29.10.2020,чт с 29.10 по 25.03,18:50,20:10
DP476,Саратов,Москва,28.03.2021,ежедневно с 28.03 по 25.08,11:05,11:40
DP476,Саратов,Москва,08.03.2021,"пн, ср, пт, вс по 26.03",11:45,12:20
DP478,Саратов,Москва,08.03.2021,8 марта,15:10,15:45
DP478,Саратов,Москва,13.03.2021,"13, 15, 20, 22, 27 марта",15:35,16:10
DP478,Саратов,Москва,03.03.2021,"10, 17, 24 марта",15:45,16:20
DP476,Саратов,Москва,04.03.2021,"11, 18, 25 марта",17:00,17:35
DP478,Саратов,Москва,09.03.2021,"9, 16, 23 марта",17:25,18:00
DP476,Саратов,Москва,06.03.2021,"9, 13, 16, 20, 23, 27 марта",18:15,18:50
DP468,Саратов,Москва,08.03.2021,ежедневно по 05.08,21:45,22:20
DP578,Саратов,Санкт-Петербург,08.03.2021,"пн, ср, пт, вс по 26.03",12:20,13:40
DP578,Саратов,Санкт-Петербург,06.03.2021,"13, 20, 27 марта",20:20,21:40
DP578,Саратов,Санкт-Петербург,04.03.2021,"9, 11, 18, 25 марта",20:30,21:50
DP578,Саратов,Санкт-Петербург,28.03.2021,ежедневно с 28.03 по 25.08,22:05,23:25
DP339,Сочи,Екатеринбург,27.10.2020,"вт, чт, сб с 27.10 по 25.03",23:45,4:55
DP339,Сочи,Екатеринбург,29.09.2020,ежедневно по 24.10,23:55,5:05
DP337,Сочи,Казань,28.09.2020,"только 22, 23, 24, 25, 26, 27, 28 сентября",8:05,10:35
DP337,Сочи,Казань,29.09.2020,ежедневно с 29.09 по 24.10,9:25,11:55
DP337,Сочи,Казань,25.10.2020,"ср, пт, вс с 25.10 по 24.03",13:25,15:55
DP327,Сочи,Калининград,26.09.2020,"только 12, 19, 26 сентября",15:55,18:10
DP347,Сочи,Киров,26.09.2020,"только 12, 15, 17, 19, 22, 24, 26 сентября",8:50,11:45
DP347,Сочи,Киров,29.09.2020,"вт, сб по 24.10",15:35,18:30
DP309,Сочи,Красноярск,29.09.2020,"вт, чт, сб по 24.10",20:35,5:50
DP309,Сочи,Красноярск,27.09.2020,"только 16, 18, 20, 22, 23, 25, 27 сентября",20:40,5:35
DP126,Сочи,Москва,28.09.2020,"только 22, 23, 24, 25, 26, 27, 28 сентября",4:25,6:40
DP124,Сочи,Москва,28.09.2020,только 28 сентября,6:30,8:50
DP116,Сочи,Москва,25.10.2020,только 25 октября,7:55,10:20
DP114,Сочи,Москва,29.09.2020,"ежедневно по 24.10, кроме 28.09",8:00,10:20
DP118,Сочи,Москва,28.09.2020,"только 20, 21, 22, 23, 25, 27, 28 сентября",9:45,12:05
DP124,Сочи,Москва,26.09.2020,только 26 сентября,10:50,13:10
DP118,Сочи,Москва,01.10.2020,ежедневно с 01.10 по 24.10,10:50,13:10
DP122,Сочи,Москва,29.09.2020,"только 25, 27, 29 сентября",11:05,13:20
DP120,Сочи,Москва,28.09.2020,"только 17, 19, 21, 23, 24, 26, 28 сентября",11:20,13:40
DP112,Сочи,Москва,25.10.2020,ежедневно с 25.10 по 24.03,12:05,14:25
DP122,Сочи,Москва,28.09.2020,"только 21, 28 сентября",12:45,15:05
DP122,Сочи,Москва,26.09.2020,только 26 сентября,13:20,15:40
DP112,Сочи,Москва,28.09.2020,"только 22, 23, 24, 25, 26, 27, 28 сентября",14:15,16:35
DP122,Сочи,Москва,01.10.2020,ежедневно с 01.10 по 11.10,14:55,17:15
DP116,Сочи,Москва,28.09.2020,"только 18, 20, 21, 23, 25, 27, 28 сентября",15:35,18:00
DP112,Сочи,Москва,29.09.2020,только 29 сентября,15:40,17:55
DP116,Сочи,Москва,26.09.2020,"только 12, 15, 17, 19, 22, 24, 26 сентября",15:45,18:00
DP112,Сочи,Москва,30.09.2020,ежедневно с 30.09 по 24.10,16:10,18:30
DP130,Сочи,Москва,27.09.2020,"только 13, 20, 27 сентября",16:45,19:05
DP130,Сочи,Москва,29.09.2020,"только 15, 22, 29 сентября",16:55,19:15
DP130,Сочи,Москва,30.09.2020,"только 19, 21, 23, 25, 26, 28, 30 сентября",17:05,19:25
DP124,Сочи,Москва,27.09.2020,только 27 сентября,19:00,21:20
DP116,Сочи,Москва,01.10.2020,ежедневно с 01.10 по 24.10,19:00,21:20
DP122,Сочи,Москва,30.09.2020,"только 23, 30 сентября",19:15,21:35
DP114,Сочи,Москва,25.10.2020,ежедневно с 25.10 по 24.03,21:05,23:25
DP120,Сочи,Москва,01.10.2020,ежедневно с 01.10 по 11.10,21:10,23:30
DP128,Сочи,Москва,27.09.2020,только 27 сентября,21:40,23:55
DP311,Сочи,Новосибирск,27.09.2020,"только 19, 20, 21, 22, 24, 26, 27 сентября",21:25,6:10
DP311,Сочи,Новосибирск,30.09.2020,"пн, ср, пт, вс с 28.09 по 23.10",21:30,6:10
DP365,Сочи,Пермь,27.09.2020,"только 13, 20, 27 сентября",0:05,5:15
DP1365,Сочи,Пермь,28.09.2020,"только 14, 21, 28 сентября",0:05,5:15
DP365,Сочи,Пермь,26.10.2020,"пн, пт с 26.10 по 22.03",23:45,4:50
DP365,Сочи,Пермь,29.09.2020,"вт, чт, сб по 24.10",23:50,4:55
DP306,Сочи,Санкт-Петербург,29.09.2020,только 29 сентября,8:00,11:05
DP306,Сочи,Санкт-Петербург,30.09.2020,ежедневно с 30.09 по 24.10,8:30,11:35
DP306,Сочи,Санкт-Петербург,28.09.2020,"только 20, 21, 22, 24, 25, 27, 28 сентября",9:30,12:40
DP306,Сочи,Санкт-Петербург,26.09.2020,"только 12, 16, 19, 23, 26 сентября",9:50,12:40
DP306,Сочи,Санкт-Петербург,25.10.2020,ежедневно с 25.10 по 24.03,12:50,16:00
DP329,Сочи,Саратов,26.09.2020,"только 12, 15, 17, 19, 22, 24, 26 сентября",13:15,16:10
DP329,Сочи,Саратов,01.10.2020,"чт, вс с 01.10 по 22.10",18:25,21:20
DP321,Сочи,Тюмень,26.09.2020,"только 12, 17, 19, 24, 26 сентября",23:50,5:20
DP343,Сочи,Уфа,28.09.2020,"только 20, 21, 23, 25, 26, 27, 28 сентября",1:55,6:35
DP343,Сочи,Уфа,27.10.2020,"вт, чт, сб с 27.10 по 25.03",13:25,18:10
DP343,Сочи,Уфа,29.09.2020,ежедневно с 29.09 по 24.10,13:35,18:15
DP1343,Сочи,Уфа,28.09.2020,только 28 сентября,13:35,18:15
DP357,Сочи,Чебоксары,27.09.2020,"только 13, 15, 17, 20, 22, 24, 27 сентября",17:05,19:30
DP1323,Сочи,Челябинск,27.09.2020,"только 13, 20, 27 сентября",15:20,20:30
DP323,Сочи,Челябинск,30.09.2020,"пн, ср, пт, вс с 28.09 по 23.10",23:20,4:30
DP323,Сочи,Челябинск,25.10.2020,"ср, вс с 25.10 по 24.03",23:45,4:55
DP186,Ставрополь,Москва,01.04.2021,"вт, чт, сб по 29.05",10:40,12:50
DP186,Ставрополь,Москва,31.03.2021,"2, 4, 5, 7, 9, 11, 12, 14, 16, 18, 19, 21, 23, 25, 26, 28, 30 апреля, 2, 3, 5 мая, …",17:40,19:50
DP538,Ставрополь,Санкт-Петербург,31.03.2021,"2, 4, 5, 7, 9, 11, 12, 14, 16, 18, 19, 21, 23, 25, 26, 28, 30 апреля, 2, 3, 5 мая, …",10:40,13:35
DP950,Стамбул,Екатеринбург,01.04.2021,"1, 4, 6, 8, 11, 13, 15, 18, 20, 22, 23, 25, 26, 27, 29, 30 апреля, 2, 3, 4, 6 мая, …",11:25,17:50
DP502,Сургут,Махачкала,31.05.2021,ежедневно с 31.05 по 01.10,4:30,6:35
DP1502,Сургут,Махачкала,30.05.2021,30 мая,4:30,6:35
DP502,Сургут,Махачкала,03.04.2021,ежедневно по 29.05,5:05,7:10
DP260,Сургут,Москва,03.04.2021,ежедневно по 31.08,6:00,7:20
DP830,Тиват,Москва,25.10.2020,"пн, ср, пт, вс с 25.10 по 24.03",14:30,18:45
DP450,Тюмень,Москва,19.09.2020,ежедневно по 24.10,6:20,7:10
DP450,Тюмень,Москва,26.10.2020,ежедневно с 26.10 по 25.03,6:20,7:20
DP426,Улан-Удэ,Москва,06.03.2021,"6, 7, 8, 9, 10, 11, 12, 13, 14, 15, 16, 17, 18, 19, 20, 21, 22, 23, 24, 25 марта, …",8:05,9:50
DP486,Ульяновск,Москва,26.10.2020,"пн, чт, сб с 26.10 по 25.03, а ещё 03.11, 08.11",11:25,12:05
DP466,Ульяновск,Москва,09.10.2020,"ежедневно, кроме чт по 24.10",20:30,21:10
DP466,Ульяновск,Москва,25.10.2020,"25, 26, 27, 28, 29, 30, 31 октября, 2, 3, 4, 5, 6, 7, 9, 10, 11, 12, 13, 14, 16 ноября, …",22:00,22:40
DP466,Ульяновск,Москва,01.11.2020,вс с 01.11 по 21.03,22:20,23:00
DP466,Ульяновск,Москва,15.10.2020,"только 1, 8, 15, 22 октября",22:30,23:10
DP566,Ульяновск,Санкт-Петербург,27.10.2020,"вт, чт, сб с 27.10 по 25.03",12:20,13:35
DP566,Ульяновск,Санкт-Петербург,25.10.2020,только 25 октября,16:30,17:40
DP566,Ульяновск,Санкт-Петербург,01.11.2020,вс с 01.11 по 21.03,16:45,17:55
DP566,Ульяновск,Санкт-Петербург,15.10.2020,"только 1, 8, 15, 22 октября",18:45,19:55
DP566,Ульяновск,Санкт-Петербург,09.10.2020,"вт, пт, вс по 23.10",21:35,22:45
DP436,Уфа,Москва,26.10.2020,ежедневно с 26.10 по 25.03,6:20,6:40
DP436,Уфа,Москва,25.10.2020,только 25 октября,6:50,7:15
DP436,Уфа,Москва,15.10.2020,ежедневно по 24.10,7:00,7:15
DP438,Уфа,Москва,25.10.2020,"только 25, 26, 27, 28, 29, 30, 31 октября",18:00,18:20
DP438,Уфа,Москва,15.10.2020,ежедневно по 23.10,20:10,20:20
DP438,Уфа,Москва,01.11.2020,ежедневно с 01.11 по 27.03,22:00,22:20
DP560,Уфа,Санкт-Петербург,26.10.2020,"ежедневно с 26.10 по 25.03, кроме 01.01",5:20,6:20
DP560,Уфа,Санкт-Петербург,25.10.2020,только 25 октября,5:20,6:10
DP560,Уфа,Санкт-Петербург,15.10.2020,ежедневно по 24.10,5:25,6:10
DP460,Чебоксары,Москва,01.04.2021,ежедневно по 29.08,10:10,11:35
DP4458,Чебоксары,Москва,11.05.2021,ежедневно с 11.05 по 08.10,17:25,18:55
DP458,Чебоксары,Москва,01.04.2021,ежедневно по 29.08,21:45,23:15
DP526,Чебоксары,Санкт-Петербург,01.04.2021,"пн, вт, чт, сб по 28.08",16:30,18:30
DP414,Челябинск,Москва,04.10.2020,ежедневно по 24.10,5:40,6:15
DP414,Челябинск,Москва,25.10.2020,"ежедневно с 25.10 по 24.03, кроме 01.01",6:45,7:25
DP416,Челябинск,Москва,25.10.2020,ежедневно с 25.10 по 24.03,18:35,19:15
DP416,Челябинск,Москва,04.10.2020,ежедневно с 01.10 по 24.10,18:50,19:20
DP550,Челябинск,Санкт-Петербург,25.10.2020,"ежедневно с 25.10 по 24.03, кроме 01.01",5:35,6:50
DP550,Челябинск,Санкт-Петербург,04.10.2020,"ежедневно по 24.10, кроме 23.10",6:05,7:15
DP550,Челябинск,Санкт-Петербург,23.10.2020,только 23 октября,6:55,8:00
DP4455,Шереметьево,Барнаул,01.07.2021,ежедневно с 01.07 по 30.10,21:00,5:00
DP4195,Шереметьево,Владикавказ,01.07.2021,ежедневно с 01.07 по 30.10,16:05,18:30
DP4187,Шереметьево,Махачкала,01.05.2021,ежедневно с 01.05 по 28.09,8:05,10:40
DP4189,Шереметьево,Махачкала,01.05.2021,ежедневно с 01.05 по 28.09,12:20,14:55
DP4167,Шереметьево,МинеральныеВоды,01.07.2021,ежедневно с 01.07 по 30.10,9:00,11:10
DP4169,Шереметьево,МинеральныеВоды,01.07.2021,ежедневно с 01.07 по 30.10,13:00,15:10
DP4179,Шереметьево,МинеральныеВоды,01.07.2021,ежедневно с 01.07 по 30.10,18:30,20:40
DP4433,Шереметьево,Пермь,02.05.2021,ежедневно с 02.05 по 29.09,0:40,4:45
DP4429,Шереметьево,Пермь,01.05.2021,ежедневно с 01.05 по 28.09,13:35,17:40
DP4431,Шереметьево,Пермь,01.05.2021,ежедневно с 01.05 по 28.09,18:50,22:55
DP4959,Шереметьево,Рига,01.06.2021,ежедневно с 01.06 по 29.10,8:00,9:40
DP4965,Шереметьево,Рига,01.06.2021,ежедневно с 01.06 по 29.10,19:00,20:40
DP4883,Шереметьево,Стамбул,01.06.2021,ежедневно с 01.06 по 29.10,9:35,13:10
DP4937,Шереметьево,Стамбул,01.06.2021,ежедневно с 01.06 по 29.10,12:10,15:45
DP4465,Шереметьево,Ульяновск,01.07.2021,ежедневно с 01.07 по 30.10,19:30,22:00
DP4437,Шереметьево,Уфа,02.06.2021,ежедневно с 02.06 по 30.10,0:55,4:55
DP4435,Шереметьево,Уфа,01.06.2021,ежедневно с 01.06 по 29.10,8:00,12:00
DP4439,Шереметьево,Уфа,01.06.2021,ежедневно с 01.06 по 29.10,18:10,22:10
DP586,Ярославль,Санкт-Петербург,22.09.2020,"только 22, 24, 29 сентября",14:30,15:55
DP586,Ярославль,Санкт-Петербург,01.10.2020,"только 1, 8, 15, 22 октября",16:30,17:55
DP586,Ярославль,Санкт-Петербург,27.09.2020,"только 27 сентября, 6, 13, 20 октября",18:50,20:15
DP586,Ярославль,Санкт-Петербург,04.10.2020,"только 4, 11, 18 октября",19:50,21:15
DP586,Ярославль,Санкт-Петербург,27.10.2020,"вт, чт, сб с 27.10 по 25.03",19:55,21:20